"nesi.pk"	"nesi.resource"	"nesi.valuetype"	"nesi.value"	"nesi.unit"	"nesi.location"	"nesi.with_property"	"nesi.reference"	"nesi.infotype"
1	13	"EE"	157.1	"MJ/kg"				"u"
2	13	"EE"	218	"MJ/kg"				
3	13	"EE"	29	"MJ/kg"	"World"			
4	13	"EC"	8.24	"kgCO_2/kg"				
5	13	"EC"	11.46	"kgCO_2/kg"				
6	13	"EC"	1.69	"kgCO_2/kg"	"World"			
7	13	"ECe"	9.16	"kgCO2e/kg"				
8	13	"ECe"	12.79	"kgCO2e/kg"				
9	13	"ECe"	1.81	"kgCO2e/kg"	"World"			
10	22	"EE"	361	"MJ/kg"				
11	22	"EE"	745	"MJ/kg"				
12	22	"EE"	258	"MJ/kg"				
13	22	"EC"	19.2	"kgCO_2/kg"				
14	22	"EC"	39.6	"kgCO_2/kg"				
15	22	"EC"	13.7	"kgCO_2/kg"				
16	22	"ECe"	20.6	"kgCO2e/kg"				
17	22	"ECe"	42.5	"kgCO2e/kg"				
18	22	"ECe"	14.7	"kgCO2e/kg"				
19	23	"EE"	3710	"MJ/kg"			22	
20	23	"EC"	228	"kgCO_2/kg"			22	
21	23	"ECe"		"kgCO_2e/kg"			22	
22	28	"EE"	164	"MJ/kg"			114	
23	28	"EC"	12.4	"kgCO_2/kg"			114	
24	28	"ECe"		"kgCO_2e/kg"			114	
25	30	"EE"	53.1	"MJ/kg"				
26	30	"EE"	72	"MJ/kg"				
27	30	"EE"	9	"MJ/kg"				
28	30	"EC"	2.8	"kgCO_2/kg"				
29	30	"EC"	3.9	"kgCO_2/kg"				
30	30	"EC"	0.49	"kgCO_2/kg"				
31	30	"ECe"	3.09	"kgCO2e/kg"				
32	30	"ECe"	4.18	"kgCO2e/kg"				
33	30	"ECe"	0.52	"kgCO2e/kg"				
34	39	"EE"	1470	"MJ/kg"			22	
35	39	"EC"	84	"kgCO_2/kg"			22	
36	39	"ECe"		"kgCO_2e/kg"			22	
37	40	"EE"	250	"MJ/kg"				
38	40	"EC"	13.5	"kgCO_2/kg"				
39	40	"ECe"	14.47	"kgCO_2e/kg"				
40	47	"EE"	128.2	"MJ/kg"			148	
41	47	"EC"	6.31	"kgCO_2/kg"			148	
42	47	"ECe"		"kgCO_2e/kg"			148	
43	120	"EE"	0.01	"MJ/kg"				
44	120	"EC"	0.001	"kgCO_2/kg"				
45	120	"ECe"		"kgCO_2e/kg"				
46	3	"EE"	853	"MJ/kg"			22	
47	3	"EC"	5.3	"kgCO_2/kg"			22	
48	3	"ECe"		"kgCO_2e/kg"			22	
49	24	"EE"	83	"MJ/kg"			22	
50	24	"EC"	5.39	"kgCO_2/kg"			22	
51	24	"ECe"		"kgCO_2e/kg"			22	
52	25	"EE"	52	"MJ/kg"			22	
53	25	"EC"	3.5	"kgCO_2/kg"			22	
54	25	"ECe"		"kgCO_2e/kg"			22	
55	26	"EE"	25	"MJ/kg"				
56	26	"EC"	1.91	"kgCO_2/kg"				
57	26	"ECe"	2.03	"kgCO_2e/kg"				
58	42	"EE"	378	"MJ/kg"			22	
59	42	"EC"	30.3	"kgCO_2/kg"			22	
60	42	"ECe"		"kgCO_2e/kg"			22	
61	80	"EE"	87	"MJ/kg"			22	
62	80	"EC"	4.94	"kgCO_2/kg"			22	
63	80	"ECe"		"kgCO_2e/kg"			22	
64	82	"EE"	25.21	"MJ/kg"				
65	82	"EE"	49	"MJ/kg"				
66	82	"EE"	10	"MJ/kg"				
67	82	"EC"	1.57	"kgCO_2/kg"				
68	82	"EC"	3.18	"kgCO_2/kg"				
69	82	"EC"	0.54	"kgCO_2/kg"				
70	82	"ECe"	1.67	"kgCO2e/kg"				
71	82	"ECe"	3.37	"kgCO2e/kg"				
72	82	"ECe"	0.58	"kgCO2e/kg"				
73	241	"EC"	0.0048	"kgCO_2/kg"				
74	241	"ECe"		"kgCO_2e/kg"				
75	241	"EE"	0.083	"MJ/kg"				
76	242	"EE"	7.4	"MJ/kg"			4	
77	242	"EC"		"kgCO_2/kg"			4	
78	242	"ECe"		"kgCO_2e/kg"			4	
79	243	"EE"	2.86	"MJ/kg"				
80	243	"EC"	0.059	"kgCO_2/kg"				
81	243	"EC"	0.064	"kgCO_2/kg"				
82	243	"EC"	0.068	"kgCO_2/kg"				
83	243	"EC"	0.072	"kgCO_2/kg"				
84	243	"EC"	0.076	"kgCO_2/kg"				
85	243	"ECe"	0.066	"kgCO_2e/kg"				
86	243	"ECe"	0.071	"kgCO_2e/kg"				
87	243	"ECe"	0.076	"kgCO_2e/kg"				
88	243	"ECe"	0.081	"kgCO_2e/kg"				
89	243	"ECe"	0.086	"kgCO_2e/kg"				
90	243	"FE"	1.68	"MJ/kg"				
91	243	"FE"	2.1	"MJ/kg"				
92	243	"FE"	2.52	"MJ/kg"				
93	243	"FE"	2.94	"MJ/kg"				
94	243	"FE"	3.36	"MJ/kg"				
95	244	"EC"	0.4	"kgCO_2/kg"				
96	244	"ECe"	0.49	"kgCO_2e/kg"				
97	244	"FE"	42	"MJ/kg"				
98	245	"EE"	44	"MJ/kg"	"World"			
99	245	"EE"	80	"MJ/kg"	"World"			
100	245	"EE"	20	"MJ/kg"	"World"			
101	245	"EC"	2.46	"kgCO_2/kg"	"World"			
102	245	"EC"	4.47	"kgCO_2/kg"	"World"			
103	245	"EC"	1.12	"kgCO_2/kg"	"World"			
104	245	"ECe"	2.64	"kgCO2e/kg"	"World"			
105	245	"ECe"	4.8	"kgCO2e/kg"	"World"			
106	245	"ECe"	1.2	"kgCO2e/kg"	"World"			
107	249	"EE"	74	"MJ/m^2"			94	
108	249	"EC"	4.9	"GWP/m^2"			94	
109	249	"EC"	0.97	"GWP/m^2"			94	
110	249	"EC"	6.7	"GWP/m^2"				
111	249	"EC"	9.7	"GWP/m^2"			94	
112	249	"EC"	12.7	"GWP/m^2"			94	
113	249	"EC"	15.6	"GWP/m^2"			94	
114	249	"EC"	18.4	"GWP/m^2"				
115	249	"EC"	7.75	"GWP/m^2"			94	
116	249	"EC"	10.7	"GWP/m^2"			94	
117	249	"EC"	13.7	"GWP/m^2"			94	
118	249	"EC"	16.7	"GWP/m^2"				
119	249	"EC"	19.7	"GWP/m^2"			94	
120	249	"ECe"		"kgCO_2e/kg"			94	
121	251	"EE"	4.5	"MJ/kg"				
122	251	"EC"	0.73	"kgCO_2/kg"				
123	251	"ECe"	0.74	"kgCO_2e/kg"				
124	252	"EC"	0.66	"kgCO_2/kg"				
125	252	"ECe"	0.7	"kgCO_2e/kg"				
126	252	"EE"	10	"MJ/kg"				
127	253	"EE"	3	"MJ/kg"				
128	253	"EC"	0.23	"kgCO_2/kg"				
129	253	"ECe"	0.24	"kgCO_2e/kg"				
130	254	"EE"	0.75	"MJ/kg"				
131	254	"EC"	0.1	"kgCO_2/kg"				
132	254	"ECe"	0.107	"kgCO_2e/kg"				
133	256	"EE"	134	"MJ/kg"				
134	256	"EC"	4.2	"kgCO_2/kg"				
135	256	"ECe"		"kgCO_2e/kg"				
136	257	"EE"	36	"MJ/kg"			94	
137	257	"EC"		"kgCO_2/kg"			94	
138	257	"ECe"		"kgCO_2e/kg"			94	
139	259	"EE"	33.5	"MJ/kg"			2	
140	259	"EC"	1.7	"kgCO_2/kg"			2	
141	259	"ECe"		"kgCO_2e/kg"			2	
142	260	"EE"	0.1	"MJ/kg"				
143	260	"EC"	0.008	"kgCO_2/kg"				
144	260	"ECe"		"kgCO_2e/kg"				
145	270	"EE"	1.6	"MJ/kg"				
146	270	"EC"	0.083	"kgCO_2/kg"				
147	270	"ECe"		"kgCO_2e/kg"				
148	272	"EE"	0.12	"MJ/kg"			114	
149	272	"EC"	0.01	"kgCO_2/kg"			114	
150	272	"ECe"		"kgCO_2e/kg"			114	
151	275	"EE"	45	"MJ/kg"				
152	275	"EC"	1.86	"kgCO_2/kg"				
153	275	"ECe"		"kgCO_2e/kg"				
154	276	"EE"	5.3	"MJ/kg"				
155	276	"EC"	0.76	"kgCO_2/kg"				
156	276	"ECe"	0.78	"kgCO_2e/kg"				
157	278	"EE"	25	"MJ/kg"				
158	278	"EC"	1.21	"kgCO_2/kg"				
159	278	"ECe"		"kgCO_2e/kg"				
160	280	"EE"	853	"MJ/kg"			1	
161	280	"EC"	5.3	"kgCO_2/kg"			1	
162	280	"ECe"		"kgCO_2e/kg"			1	
163	285	"EE"	70	"MJ/m^2"				
164	285	"EE"	10.5	"MJ/m^2"				
165	285	"EE"	21	"MJ/m^2"				
166	285	"EE"	31.5	"MJ/m^2"				
167	285	"EE"	59	"MJ/m^2"				
168	285	"EE"	97	"MJ/m^2"				
169	285	"EC"	2.42	"GWP/m^2"				
170	285	"EC"	0.36	"GWP/m^2"				
171	285	"EC"	0.73	"GWP/m^2"				
172	285	"EC"	1.09	"GWP/m^2"				
173	285	"ECe"	2.91	"kgCO_2e/kg"				
174	285	"ECe"	0.44	"kgCO_2e/kg"				
175	285	"ECe"	0.87	"kgCO_2e/kg"				
176	285	"ECe"	1.31	"kgCO_2e/kg"				
177	289	"EE"	80.5	"MJ/kg"				
178	289	"EC"	2.73	"kgCO_2/kg"				
179	289	"ECe"	3.31	"kgCO_2e/kg"				
180	289	"FE"	35.6	"MJ/kg"				
181	292	"EE"	91	"MJ/kg"				
182	292	"EC"	2.66	"kgCO_2/kg"				
183	292	"ECe"	2.85	"kgCO_2e/kg"				
184	292	"FE"	40	"MJ/kg"				
185	293	"EE"	0.081	"MJ/kg"				
186	293	"EC"	0.0048	"kgCO_2/kg"				
187	293	"ECe"	0.0051	"kgCO_2e/kg"				
188	296	"EE"	0.45	"MJ/kg"				
189	296	"EC"	0.023	"kgCO_2/kg"				
190	296	"ECe"	0.024	"kgCO_2e/kg"				
191	297	"EE"	20.1	"MJ/kg"	"European Union"			
192	297	"EE"	35.4	"MJ/kg"	"European Union"			
193	297	"EE"	9.4	"MJ/kg"	"European Union"			
194	297	"EE"	26.2	"MJ/kg"	"Non-EU"			
195	297	"EE"	25.3	"MJ/kg"	"World"			
196	297	"EC"	1.37	"kgCO_2/kg"	"European Union"			
197	297	"EC"	2.71	"kgCO_2/kg"	"European Union"			
198	297	"EC"	0.44	"kgCO_2/kg"	"European Union"			
199	297	"EC"	1.9	"kgCO_2/kg"	"Non-EU"			
200	297	"EC"	1.82	"kgCO_2/kg"	"World"			
201	297	"ECe"	1.46	"kgCO2e/kg"	"European Union"			
202	297	"ECe"	2.89	"kgCO2e/kg"	"European Union"			
203	297	"ECe"	0.47	"kgCO2e/kg"	"European Union"			
204	297	"ECe"	2.03	"kgCO2e/kg"	"Non-EU"			
205	297	"ECe"	1.95	"kgCO2e/kg"	"World"			
206	298	"EE"	1.26	"MJ/kg"				
207	298	"EC"	0.073	"kgCO_2/kg"				
208	298	"ECe"	0.079	"kgCO_2e/kg"				
209	299	"EE"	0.24	"MJ/kg"			63	
210	299	"EC"	0.01	"kgCO_2/kg"			63	
211	299	"ECe"		"kgCO_2e/kg"			63	
212	302	"EE"	10	"MJ_{fossil}/kg"				
213	302	"EE"	4.9	"MJ_{bio}"				
214	302	"EC"	0.3	"“kgCO_{2,fossil}/kg”"				
215	302	"EC"	0.41	"“kgCO_{2,bio}/kg”"				
216	302	"ECe"	0.31	"“kgCO_{2e,fossil}/kg”"				
217	302	"ECe"	0.41	"“kgCO_{2e,bio}/kg”"				
218	304	"EE"	70	"MJ/kg"			1	
219	304	"EC"		"kgCO_2/kg"			1	
220	304	"ECe"		"kgCO_2e/kg"			1	
221	305	"EE"	52	"MJ/kg"			169	
222	305	"EC"		"kgCO_2/kg"			169	
223	305	"ECe"		"kgCO_2e/kg"			169	
224	306	"EE"	50	"MJ/kg"			1	
225	306	"EC"	5.35	"kgCO_2/kg"			1	
226	306	"ECe"		"kgCO_2e/kg"			1	
227	40	"EE"	1610	"MJ/kg"			22	
228	40	"EC"	97.2	"kgCO_2/kg"			22	
229	54358	"EE"	25.1	"MJ/kg"	"European Union"			
230	54358	"EE"	45.4	"MJ/kg"	"European Union"			
231	54358	"EE"	33.2	"MJ/kg"	"Non-EU"			
232	54358	"EE"	32	"MJ/kg"	"World"			
233	54358	"EC"	1.55	"kgCO_2/kg"	"European Union"			
234	54358	"EC"	3.05	"kgCO_2/kg"	"European Union"			
235	54358	"EC"	2.15	"kgCO_2/kg"	"Non-EU"			
236	54358	"EC"	2.06	"kgCO_2/kg"	"World"			
237	54358	"ECe"	1.66	"kgCO2e/kg"	"European Union"			
238	54358	"ECe"	3.27	"kgCO2e/kg"	"European Union"			
239	54358	"ECe"	2.31	"kgCO2e/kg"	"Non-EU"			
240	54358	"ECe"	2.21	"kgCO2e/kg"	"World"			
241	138036	"EE"	19.8	"MJ/kg"	"European Union"			
242	138036	"EE"	34.6	"MJ/kg"	"European Union"			
243	138036	"EE"	25.8	"MJ/kg"	"Non-EU"			
244	138036	"EE"	24.9	"MJ/kg"	"World"			
245	138036	"EC"	1.37	"kgCO_2/kg"	"European Union"			
246	138036	"EC"	2.71	"kgCO_2/kg"	"European Union"			
247	138036	"EC"	1.9	"kgCO_2/kg"	"Non-EU"			
248	138036	"EC"	1.83	"kgCO_2/kg"	"World"			
249	138036	"ECe"	1.45	"kgCO2e/kg"	"European Union"			
250	138036	"ECe"	2.87	"kgCO2e/kg"	"European Union"			
251	138036	"ECe"	2.01	"kgCO2e/kg"	"Non-EU"			
252	138036	"ECe"	1.94	"kgCO2e/kg"	"World"			
253	146269	"EE"	36.4	"MJ/kg"				
254	146269	"EC"	1.93	"kgCO_2/kg"				
255	146269	"ECe"		"kgCO_2e/kg"				
256	146843	"EE"	70	"MJ/kg"				
257	146843	"EC"	2.76	"kgCO_2/kg"				
258	146843	"ECe"		"kgCO_2e/kg"				
259	146843	"FE"	18	"MJ/kg"				
260	161426	"EE"	16.8	"MJ/kg"				
261	161426	"EC"	1.05	"kgCO_2/kg"				
262	161426	"ECe"	1.12	"kgCO_2e/kg"				
263	163683	"EE"	76.7	"MJ/kg"				
264	163683	"EC"	1.57	"kgCO_2/kg"				
265	163683	"ECe"	1.93	"kgCO_2e/kg"				
266	163683	"FE"	54.3	"MJ/kg"				
267	164571	"EE"	1.03	"MJ/kg"				
268	164571	"EC"	0.145	"kgCO_2/kg"				
269	164571	"ECe"	0.155	"kgCO_2e/kg"				
270	170234	"EE"	0.82	"MJ/kg"				
271	170234	"EC"	0.112	"kgCO_2/kg"				
272	170234	"ECe"	0.12	"kgCO_2e/kg"				
273	176864	"EE"	1.11	"MJ/kg"				
274	176864	"EC"	0.163	"kgCO_2/kg"				
275	176864	"ECe"	0.174	"kgCO_2e/kg"				
276	181274	"EE"	0.74	"MJ/kg"				
277	181274	"EC"	0.1	"kgCO_2/kg"				
278	181274	"ECe"	0.107	"kgCO_2e/kg"				
279	182567	"EE"	101.5	"MJ/kg"				
280	182567	"EC"	3.48	"kgCO_2/kg"				
281	182567	"ECe"	4.26	"kgCO_2e/kg"				
282	182567	"FE"	37.07	"MJ/kg"				
283	185431	"EE"	5.9	"MJ_{bio}"			150	
284	185431	"EC"	0.42	"KgCO_{2"	"fossil}/kg"		150	
285	185431	"EC"	0.54	"kgCO_{2"	"bio}/kg"		150	
286	185431	"ECe"	0.45	"KgCO_{2e"	"fossil}/kg"		150	
287	185431	"ECe"	0.54	"KgCO_{2e"	"fossil}/kg"		150	
288	185431	"EE"	15	"MJ_{fossil}/kg"			150	
289	188262	"EE"	130	"MJ/m^2"			277	
290	188262	"EE"	180	"MJ/m^2"			277	
291	188262	"EE"	230	"MJ/m^2"			277	
292	188262	"ECe"		"kgCO_2e/kg"			279	
293	188262	"ECe"		"kgCO_2e/kg"			279	
294	188262	"ECe"		"kgCO_2e/kg"			279	
295	188262	"EE"	0.72	"MJ/kg"			114	
296	188262	"EC"	0.03	"kgCO_2/kg"			114	
297	188262	"ECe"		"kgCO_2e/kg"			114	
298	188373	"EE"	78.1	"MJ/kg"				
299	188373	"EC"	1.69	"kgCO_2/kg"				
300	188373	"ECe"	2.08	"kgCO_2e/kg"				
301	188373	"FE"	51.6	"MJ/kg"				
302	190870	"EE"	17.4	"MJ/kg"	"European Union"			
303	190870	"EE"	29.2	"MJ/kg"	"European Union"			
304	190870	"EE"	9.4	"MJ/kg"	"European Union"			
305	190870	"EE"	22.3	"MJ/kg"	"Non-EU"			
306	190870	"EE"	21.6	"MJ/kg"	"World"			
307	190870	"EC"	1.31	"kgCO_2/kg"	"European Union"			
308	190870	"EC"	2.59	"kgCO_2/kg"	"European Union"			
309	190870	"EC"	0.44	"kgCO_2/kg"	"European Union"			
310	190870	"EC"	1.82	"kgCO_2/kg"	"Non-EU"			
311	190870	"EC"	1.74	"kgCO_2/kg"	"World"			
312	190870	"ECe"	1.4	"kgCO2e/kg"	"European Union"			
313	190870	"ECe"	2.77	"kgCO2e/kg"	"European Union"			
314	190870	"ECe"	0.47	"kgCO2e/kg"	"European Union"			
315	190870	"ECe"	1.95	"kgCO2e/kg"	"Non-EU"			
316	190870	"ECe"	1.86	"kgCO2e/kg"	"World"			
317	195046	"EE"	112.9	"MJ/kg"				
318	195046	"EC"	6.03	"kgCO_2/kg"				
319	195046	"ECe"	7.62	"kgCO_2e/kg"				
320	195046	"FE"	36.7	"MJ/kg"				
321	196716	"EE"	31.7	"MJ/kg"				
322	196716	"EC"	1.65	"kgCO_2/kg"				
323	196716	"ECe"		"kgCO_2e/kg"				
324	201058	"EE"	0.1	"MJ/kg"				
325	201058	"EE"	1	"MJ/kg"				
326	201058	"EC"	0.006	"kgCO_2/kg"				
327	201058	"EC"	0.058	"kgCO_2/kg"				
328	201058	"ECe"	0.007	"kgCO_2e/kg"				
329	201058	"ECe"	0.063	"kgCO_2e/kg"				
330	202186	"EE"	217	"MJ/kg"	"World"			
331	202186	"EE"	28	"MJ/kg"	"World"			
332	202186	"EC"	8.26	"kgCO_2/kg"	"World"			
333	202186	"EC"	11.5	"kgCO_2/kg"	"World"			
334	202186	"EC"	1.67	"kgCO_2/kg"	"World"			
335	202186	"ECe"	9.18	"kgCO2e/kg"	"World"			
336	202186	"ECe"	12.8	"kgCO2e/kg"	"World"			
337	202186	"ECe"	1.79	"kgCO2e/kg"	"World"			
338	202312	"EE"	1.11	"MJ/kg"				
339	202312	"EC"	0.171	"kgCO_2/kg"				
340	202312	"ECe"	0.182	"kgCO_2e/kg"				
341	203427	"EE"	22.6	"MJ/kg"	"European Union"			
342	203427	"EE"	40	"MJ/kg"	"European Union"			
343	203427	"EE"	29.5	"MJ/kg"	"Non-EU"			
344	203427	"EE"	28.5	"MJ/kg"	"World"			
345	203427	"EC"	1.45	"kgCO_2/kg"	"European Union"			
346	203427	"EC"	2.84	"kgCO_2/kg"	"European Union"			
347	203427	"EC"	2	"kgCO_2/kg"	"Non-EU"			
348	203427	"EC"	1.92	"kgCO_2/kg"	"World"			
349	203427	"ECe"	1.54	"kgCO2e/kg"	"European Union"			
350	203427	"ECe"	3.01	"kgCO2e/kg"	"European Union"			
351	203427	"ECe"	2.12	"kgCO2e/kg"	"Non-EU"			
352	203427	"ECe"	2.03	"kgCO2e/kg"	"World"			
353	204812	"EC"	2.12	"GWP/m^2"				
354	204812	"ECe"	2.54	"kgCO_2e/kg"				
355	206265	"EE"	0.7	"MJ/kg"				
356	206265	"EC"	0.093	"kgCO_2/kg"				
357	206265	"ECe"	0.1	"kgCO_2e/kg"				
358	208222	"EE"	13.1	"MJ/kg"	"European Union"			
359	208222	"EC"	0.68	"kgCO_2/kg"	"European Union"			
360	208222	"ECe"	0.72	"kgCO2e/kg"	"European Union"			
361	209999	"EE"	88	"MJ/kg"				
362	209999	"EC"	2.98	"kgCO_2/kg"				
363	209999	"ECe"		"kgCO_2e/kg"				
364	209999	"FE"	32	"MJ/kg"				
365	215541	"EE"	155	"MJ/kg"	"World"			
366	216106	"EC"	3.13	"GWP/m^2"				
367	216106	"ECe"	3.76	"kgCO_2e/kg"				
368	216758	"EE"	1.34	"MJ/kg"				
369	216758	"EC"	0.2	"kgCO_2/kg"				
370	216758	"ECe"	0.213	"kgCO_2e/kg"				
371	221640	"EE"	0.68	"MJ/kg"				
372	221640	"EE"	0.83	"MJ/kg"				
373	221640	"EE"	0.65	"MJ/kg"				
374	221640	"EE"	0.56	"MJ/kg"				
375	221640	"EC"	0.06	"kgCO_2/kg"				
376	221640	"EC"	0.082	"kgCO_2/kg"				
377	221640	"EC"	0.045	"kgCO_2/kg"				
378	221640	"EC"	0.039	"kgCO_2/kg"				
379	221640	"ECe"	0.061	"kgCO_2e/kg"				
380	221640	"ECe"	0.084	"kgCO_2e/kg"				
381	221640	"ECe"	0.047	"kgCO_2e/kg"				
382	221640	"ECe"	0.041	"kgCO_2e/kg"				
383	229668	"EE"	0.97	"MJ/kg"				
384	229668	"EC"	0.146	"kgCO_2/kg"				
385	229668	"ECe"	0.156	"kgCO_2e/kg"				
386	233218	"EC"		"kgCO_2/kg"			169	
387	233218	"ECe"		"kgCO_2e/kg"			169	
388	233218	"EE"	30.8	"MJ/kg"			169	
389	233375	"EE"	6.75	"MJ/kg"				
390	233375	"EC"	0.38	"kgCO_2/kg"				
391	233375	"ECe"	0.39	"kgCO_2e/kg"				
392	237673	"EE"	3.5	"MJ_{bio}"			150	
393	237673	"EC"	0.31	"KgCO_{2"	"fossil}/kg"			150
394	237673	"EC"	0.32	"KgCO_{2"	"bio}/kg"			150
395	237673	"ECe"	0.33	"KgCO_{2e"	"fossil}/kg"			150
396	237673	"ECe"	0.32	"KgCO_{2e"	"fossil}/kg"			150
397	237673	"EE"	9.5	"MJ_{fossil}/kg"				
398	248586	"EE"	7.2	"MJ/kg"			114	
399	248586	"EC"	0.52	"kgCO_2/kg"			114	
400	248586	"ECe"		"kgCO_2e/kg"			114	
401	249614	"EE"	10	"MJ/kg"			114	
402	249614	"EC"	0.52	"kgCO_2/kg"			114	
403	249614	"ECe"		"kgCO_2e/kg"			114	
404	256169	"EE"	39.5	"MJ/kg"			2	
405	256169	"EC"	1.7	"kgCO_2/kg"			2	
406	256169	"ECe"		"kgCO_2e/kg"			2	
407	257992	"EE"	15	"MJ/kg"				
408	257992	"EC"	0.86	"kgCO_2/kg"				
409	257992	"ECe"	0.91	"kgCO_2e/kg"				
410	259486	"EE"	77.2	"MJ/kg"				
411	259486	"EC"	2.61	"kgCO_2/kg"				
412	259486	"ECe"	3.1	"kgCO_2e/kg"				
413	259486	"FE"	28.1	"MJ/kg"				
414	261153	"EE"	1.33	"MJ/kg"				
415	261153	"EC"	0.208	"kgCO_2/kg"				
416	261153	"ECe"	0.221	"kgCO_2e/kg"				
417	278722	"EE"	95.3	"MJ/kg"				
418	278722	"EC"	3.05	"kgCO_2/kg"				
419	278722	"ECe"	3.76	"kgCO_2e/kg"				
420	278722	"FE"	48.6	"MJ/kg"				
421	281546	"EE"	1.5	"MJ/kg"				
422	281546	"EC"	0.087	"kgCO_2/kg"				
423	281546	"ECe"	0.09	"kgCO_2e/kg"				
424	287224	"EE"	5.6	"MJ_{bio}"				
425	287224	"EC"	0.54	"KgCO_{2"	"fossil}/kg"			
426	287224	"EC"	0.51	"KgCO_{2"	"bio}/kg"			
427	287224	"ECe"	0.58	"KgCO_{2e"	"fossil}/kg"			
428	287224	"ECe"	0.51	"KgCO_{2e"	"fossil}/kg"			
429	287224	"EE"	16	"MJ_{fossil}/kg"				
430	291150	"EE"	0.85	"MJ/kg"				
431	291150	"EC"	0.127	"kgCO_2/kg"				
432	291150	"ECe"	0.136	"kgCO_2e/kg"				
433	291356	"EC"	3.73	"kgCO_2/kg"				
434	291356	"ECe"	4	"kgCO_2e/kg"				
435	291356	"EE"	69	"MJ/kg"				
436	295010	"EE"	0.85	"MJ/kg"			114	
437	295010	"EC"	0.02	"kgCO_2/kg"			114	
438	295010	"ECe"		"kgCO_2e/kg"			114	
439	297206	"EE"	72.1	"MJ/kg"				
440	297206	"EC"	3.76	"kgCO_2/kg"				
441	297206	"ECe"		"kgCO_2e/kg"				
442	301776	"EE"	20.17	"MJ/kg"			2	
443	301776	"EC"	0.63	"kgCO_2/kg"			2	
444	301776	"ECe"		"kgCO_2e/kg"			2	
445	307986	"EE"	28	"MJ/kg"				
446	307986	"EC"	1.54	"kgCO_2/kg"				
447	307986	"ECe"		"kgCO_2e/kg"				
448	307986	"EE"	28	"MJ/kg"				
449	307986	"EC"	1.35	"kgCO_2/kg"				
450	307986	"ECe"		"kgCO_2e/kg"				
451	315756	"EE"	95.4	"MJ/kg"				
452	315756	"EC"	4.98	"kgCO_2/kg"				
453	315756	"ECe"		"kgCO_2e/kg"				
454	322119	"EE"	4.17	"MJ/kg"				
455	322119	"EE"	3	"MJ/kg"				
456	322119	"EC"	0.63	"kgCO_2/kg"				
457	322119	"EC"	0.38	"kgCO_2/kg"				
458	322119	"ECe"	0.64	"kgCO_2e/kg"				
459	322119	"ECe"	0.39	"kgCO_2e/kg"				
460	326916	"EE"	0.03	"MJ/kg"				
461	326916	"EC"	0.002	"kgCO_2/kg"				
462	326916	"ECe"	0.002	"kgCO_2e/kg"				
463	330371	"EE"	106.5	"MJ/kg"				
464	330371	"EC"	5.56	"kgCO_2/kg"				
465	330371	"ECe"		"kgCO_2e/kg"				
466	336662	"EE"	12	"MJ_{fossil}/kg"				
467	336662	"EE"	4.9	"MJ_{bio}"				
468	336662	"EC"	0.39	"KgCO_{2"	"fossil}/kg"			
469	336662	"EC"	0.45	"kgCO_{2"	"bio}/kg"			
470	336662	"ECe"	0.42	"KgCO_{2e"	"fossil}/kg"			
471	336662	"ECe"	0.45	"KgCO_{2e"	"fossil}/kg"			
472	337396	"EE"	83.1	"MJ/kg"				
473	337396	"EC"	2.04	"kgCO_2/kg"				
474	337396	"ECe"	2.54	"kgCO_2e/kg"				
475	337396	"FE"	54.4	"MJ/kg"				
476	341659	"EE"	0.94	"MJ/kg"				
477	341659	"EE"	3.3	"MJ/kg"				
478	341659	"EC"		"kgCO_2/kg"				
479	341659	"EC"		"kgCO_2/kg"				
480	341659	"ECe"		"kgCO_2e/kg"				
481	341659	"ECe"		"kgCO_2e/kg"				
482	345787	"EE"	4	"MJ/kg"			55	
483	345787	"EC"	0.19	"kgCO_2/kg"			55	
484	345787	"ECe"		"kgCO_2e/kg"			55	
485	346022	"EE"	27	"MJ/kg"			54	
486	346022	"EC"		"kgCO_2/kg"			54	
487	346022	"ECe"		"kgCO_2e/kg"			54	
488	353009	"EE"	2.96	"MJ/kg"				
489	353009	"EE"	2.4	"MJ/kg"				
490	353009	"EC"	0.88	"kgCO_2/kg"				
491	353009	"EC"	0.75	"kgCO_2/kg"				
492	353009	"EC"	0.74	"kgCO_2/kg"				
493	353009	"EC"	0.61	"kgCO_2/kg"				
494	353009	"EC"	0.76	"kgCO_2/kg"				
495	353009	"EC"	0.64	"kgCO_2/kg"				
496	353009	"EC"	0.37	"kgCO_2/kg"				
497	353009	"EC"	0.25	"kgCO_2/kg"				
498	353009	"ECe"	0.89	"kgCO_2e/kg"				
499	353009	"ECe"	0.76	"kgCO_2e/kg"				
500	353009	"ECe"	0.75	"kgCO_2e/kg"				
501	353009	"ECe"	0.62	"kgCO_2e/kg"				
502	353009	"ECe"	0.77	"kgCO_2e/kg"				
503	353009	"ECe"	0.65	"kgCO_2e/kg"				
504	353009	"ECe"	0.38	"kgCO_2e/kg"				
505	353009	"ECe"	0.26	"kgCO_2e/kg"				
506	357020	"EE"	2355	"MJ/kg"			167	
507	357020	"EC"		"kgCO_2/kg"			167	
508	357020	"ECe"		"kgCO_2e/kg"			167	
509	360511	"EE"	28.2	"MJ/kg"				
510	360511	"EC"	1.49	"kgCO_2/kg"				
511	360511	"ECe"		"kgCO_2e/kg"				
512	361309	"EE"	7.1	"MJ_{bio}"				
513	361309	"EC"	0.42	"KgCO_{2"	"fossil}/kg"			
514	361309	"EC"	0.65	"kgCO_{2"	"bio}/kg"			
515	361309	"ECe"	0.45	"KgCO_{2e"	"fossil}/kg"			
516	361309	"ECe"	0.65	"KgCO_{2e"	"fossil}/kg"			
517	361309	"EE"	15	"MJ_{fossil}/kg"				
518	361665	"EE"	106	"MJ/kg"				
519	361665	"EC"	5.53	"kgCO_2/kg"				
520	361665	"ECe"		"kgCO_2e/kg"				
521	361893	"EC"	5.47	"kgCO_2/kg"				
522	361893	"EC"	138.6	"kgCO_2/kg"				
523	361893	"ECe"	9.14	"kgCO_2e/kg"				
524	361893	"ECe"	6.54	"kgCO_2e/kg"				
525	361893	"FE"	50.7	"MJ/kg"				
526	361893	"FE"	7.92	"MJ/kg"				
527	361893	"EE"	120.5	"MJ/kg"				
528	361893	"EE"		"MJ/kg"				
529	365340	"EE"	62	"MJ/kg"				
530	365340	"EE"	200	"MJ/kg"				
531	365340	"EC"		"kgCO_2/kg"				
532	365340	"EC"		"kgCO_2/kg"				
533	365340	"ECe"		"kgCO_2e/kg"				
534	365340	"ECe"		"kgCO_2e/kg"				
535	365340	"FE"		"MJ/kg"				
536	365340	"FE"		"MJ/kg"				
537	365479	"EE"	2	"MJ/kg"				
538	365479	"EC"	0.116	"kgCO_2/kg"				
539	365479	"ECe"	0.13	"kgCO_2e/kg"				
540	365711	"EE"	23.5	"MJ/kg"				
541	365711	"EC"	1.27	"kgCO_2/kg"				
542	365711	"ECe"	1.35	"kgCO_2e/kg"				
543	366277	"EE"	36	"MJ/kg"	"European Union"			
544	366277	"EC"	2.83	"kgCO_2/kg"	"European Union"			
545	366277	"ECe"	3.02	"kgCO2e/kg"	"European Union"			
546	371120	"EE"	6.3	"MJ_{bio}"			88	
547	371120	"EC"	0.23	"KgCO_{2"	"fossil}/kg"		88	
548	371120	"EC"	0.63	"kgCO_{2"	"bio}/kg"		88	
549	371120	"ECe"	0.24	"KgCO_{2e"	"fossil}/kg"		88	
550	371120	"ECe"	0.63	"KgCO_{2e"	"fossil}/kg"		88	
551	371120	"EE"	10.4	"MJ_{fossil}/kg"			88	
552	371120	"EE"	7.4	"MJ_{fossil}/kg"				
553	371120	"EE"	4.2	"MJ_{bio}"				
554	371120	"EC"	0.19	"KgCO_{2"	"fossil}/kg"			
555	371120	"EC"	0.39	"kgCO_{2"	"bio}/kg"			
556	371120	"ECe"	0.2	"KgCO_{2e"	"fossil}/kg"			
557	371120	"ECe"	0.39	"KgCO_{2e"	"fossil}/kg"			
558	371927	"EE"	97	"MJ/kg"				
559	371927	"EC"	4.19	"kgCO_2/kg"				
560	371927	"ECe"		"kgCO_2e/kg"				
561	371927	"FE"	18	"MJ/kg"				
562	377047	"EE"	18.8	"MJ/kg"	"European Union"			
563	377047	"EE"	32.8	"MJ/kg"	"European Union"			
564	377047	"EE"	29.2	"MJ/kg"	"European Union"			
565	377047	"EE"	24.4	"MJ/kg"	"Non-EU"			
566	377047	"EE"	23.5	"MJ/kg"	"World"			
567	377047	"EC"	1.3	"kgCO_2/kg"	"European Union"			
568	377047	"EC"	2.58	"kgCO_2/kg"	"European Union"			
569	377047	"EC"	2.59	"kgCO_2/kg"	"European Union"			
570	377047	"EC"	1.81	"kgCO_2/kg"	"Non-EU"			
571	377047	"EC"	1.74	"kgCO_2/kg"	"World"			
572	377047	"ECe"	1.38	"kgCO2e/kg"	"European Union"			
573	377047	"ECe"	2.74	"kgCO2e/kg"	"European Union"			
574	377047	"ECe"	2.77	"kgCO2e/kg"	"European Union"			
575	377047	"ECe"	1.92	"kgCO2e/kg"	"Non-EU"			
576	377047	"ECe"	1.85	"kgCO2e/kg"	"World"			
577	377996	"EE"	3.8	"MJ_{bio}"				
578	377996	"EC"	0.37	"KgCO_{2"	"fossil}/kg"			
579	377996	"EC"	0.35	"kgCO_{2"	"bio}/kg"			
580	377996	"ECe"	0.39	"KgCO_{2e"	"fossil}/kg"			
581	377996	"ECe"	0.35	"KgCO_{2e"	"fossil}/kg"			
582	377996	"EE"	11	"MJ_{fossil}/kg"				
583	380935	"EE"	0.85	"MJ/kg"				
584	380935	"EC"		"kgCO_2/kg"				
585	380935	"ECe"		"kgCO_2e/kg"				
586	381684	"EE"	137	"MJ/kg"				
587	381684	"EC"	5.7	"kgCO_2/kg"				
588	381684	"ECe"		"kgCO_2e/kg"				
589	381684	"FE"	42.6	"MJ/kg"				
590	384456	"EE"	42	"MJ/kg"	"World"			
591	384456	"EE"	57	"MJ/kg"	"World"			
592	384456	"EE"	16.5	"MJ/kg"	"World"			
593	384456	"EC"	2.6	"kgCO_2/kg"	"World"			
594	384456	"EC"	3.65	"kgCO_2/kg"	"World"			
595	384456	"EC"	0.8	"kgCO_2/kg"	"World"			
596	384456	"ECe"	2.71	"kgCO2e/kg"	"World"			
597	384456	"ECe"	3.81	"kgCO2e/kg"	"World"			
598	384456	"ECe"	0.84	"kgCO2e/kg"	"World"			
599	388379	"EE"	100	"MJ/kg"			1	
600	388379	"EC"	8.1	"kgCO_2/kg"			1	
601	388379	"ECe"		"kgCO_2e/kg"			1	
602	388814	"EE"	103.75	"MJ/kg"				
603	388814	"EC"	5.545	"kgCO_2/kg"				
604	388814	"ECe"		"kgCO_2e/kg"				
605	393793	"EE"	3.93	"MJ/kg"				
606	393793	"EE"	4.46	"MJ/kg"				
607	393793	"EE"	5	"MJ/kg"				
608	393793	"EE"	277	"MJ/m^2"			277	
609	393793	"EE"	327	"MJ/m^2"			277	
610	393793	"ECe"		"kgCO_2e/kg"			279	
611	393793	"ECe"		"kgCO_2e/kg"			279	
612	393793	"EE"	5.5	"MJ/kg"				
613	393793	"EE"	5.28	"MJ/kg"				
614	393793	"EE"	0.66	"MJ/kg"			114	
615	393793	"EC"	0.03	"kgCO_2/kg"			114	
616	393793	"ECe"		"kgCO_2e/kg"			114	
617	405537	"EE"	3.39	"MJ/kg"				
618	405537	"EE"	19	"MJ/m^2"				
619	405537	"ECe"		"kgCO_2e/kg"				
620	409043	"EE"	0.62	"MJ/kg"			188	
621	409043	"EC"	0.032	"kgCO_2/kg"			188	
622	409043	"ECe"		"kgCO_2e/kg"			188	
623	409179	"EE"	56.7	"MJ/kg"	"European Union"			
624	409179	"EC"	6.15	"kgCO_2/kg"	"European Union"			
625	409179	"ECe"		"kgCO2e/kg"	"European Union"			
626	409588	"EC"	0.93	"kgCO_2/kg"			59	
627	409588	"ECe"	0.95	"kgCO_2e/kg"			59	
628	415512	"EE"	0.88	"MJ/kg"				
629	415512	"EC"	0.123	"kgCO_2/kg"				
630	415512	"ECe"	0.132	"kgCO_2e/kg"				
631	415859	"EE"	3.2	"MJ_{bio}"				
632	415859	"EC"	0.52	"KgCO_{2"	"fossil}/kg"			
633	415859	"EC"	0.32	"kgCO_{2"	"bio}/kg"			
634	415859	"ECe"	0.54	"KgCO_{2e"	"fossil}/kg"			
635	415859	"ECe"	0.32	"KgCO_{2e"	"fossil}/kg"			
636	415859	"EE"	14.5	"MJ_{fossil}/kg"				
637	415984	"EE"	1	"MJ/kg"				
638	415984	"EC"	0.141	"kgCO_2/kg"				
639	415984	"ECe"	0.151	"kgCO_2e/kg"				
640	423324	"EE"	1	"MJ/kg"			262	
641	423324	"EC"	0.058	"kgCO_2/kg"			262	
642	423324	"ECe"	0.06	"kgCO_2e/kg"			262	
643	425476	"EE"	1.8	"MJ/kg"				
644	425476	"EC"	0.12	"kgCO_2/kg"				
645	425476	"ECe"	0.13	"kgCO_2e/kg"				
646	428735	"EE"	16.6	"MJ/kg"				
647	428735	"EC"	1.2	"kgCO_2/kg"				
648	428735	"ECe"	1.28	"kgCO_2e/kg"				
649	429466	"EE"	0.78	"MJ/kg"				
650	429466	"EC"	0.106	"kgCO_2/kg"				
651	429466	"ECe"	0.113	"kgCO_2e/kg"				
652	430859	"EE"	11.5	"MJ/kg"			115	
653	430859	"EC"	0.55	"kgCO_2/kg"				
654	430859	"ECe"	0.59	"kgCO_2e/kg"				
655	432499	"EE"	11	"MJ/kg"			116	
656	432499	"EC"	0.64	"kgCO_2/kg"			116	
657	432499	"ECe"	0.7	"kgCO_2e/kg"			116	
658	436672	"EE"	21.5	"MJ/kg"	"European Union"			
659	436672	"EE"	38	"MJ/kg"	"European Union"			
660	436672	"EE"	10	"MJ/kg"	"European Union"			
661	436672	"EE"	28.1	"MJ/kg"	"Non-EU"			
662	436672	"EE"	27.1	"MJ/kg"	"World"			
663	436672	"EC"	1.42	"kgCO_2/kg"	"European Union"			
664	436672	"EC"	2.82	"kgCO_2/kg"	"European Union"			
665	436672	"EC"	0.44	"kgCO_2/kg"	"European Union"			
666	436672	"EC"	1.97	"kgCO_2/kg"	"Non-EU"			
667	436672	"EC"	1.89	"kgCO_2/kg"	"World"			
668	436672	"ECe"	1.53	"kgCO2e/kg"	"European Union"			
669	436672	"ECe"	3.03	"kgCO2e/kg"	"European Union"			
670	436672	"ECe"	0.47	"kgCO2e/kg"	"European Union"			
671	436672	"ECe"	2.12	"kgCO2e/kg"	"Non-EU"			
672	436672	"ECe"	2.03	"kgCO2e/kg"	"World"			
673	876566	"EE"	67.5	"MJ/kg"				
674	876566	"EC"	2.56	"kgCO_2/kg"				
675	876566	"ECe"	3.23	"kgCO_2e/kg"				
676	876566	"FE"		"MJ/kg"				
677	1460412	"EE"	178	"MJ/m^2"		1		
678	1460412	"EE"	229	"MJ/m^2"		2		
679	1460412	"EE"	279	"MJ/m^2"		3		
680	1460412	"EE"	328	"MJ/m^2"		4		
681	1460412	"EE"	378	"MJ/m^2"		5		
682	1892849	"EE"	6.2	"MJ/kg"				
683	1892849	"EC"	0.44	"kgCO_2/kg"				
684	1892849	"ECe"	0.46	"kgCO_2e/kg"				
685	2696477	"EE"	1.09	"MJ/kg"				
686	2696477	"EE"	128	"MJ/kg"				
687	2696477	"EC"		"kgCO_2/kg"				
688	2696477	"EC"		"kgCO_2/kg"				
689	2696477	"ECe"		"kgCO_2e/kg"				
690	2696477	"ECe"		"kgCO_2e/kg"				
691	2820901	"EE"	27.1	"MJ/kg"			38	
692	2820901	"EC"	1.28	"kgCO_2/kg"			38	
693	2820901	"ECe"		"kgCO_2e/kg"			38	
694	3864477	"EE"	99.2	"MJ/kg"				
695	3864477	"EC"	2.97	"kgCO_2/kg"				
696	3864477	"ECe"	3.43	"kgCO_2e/kg"				
697	3864477	"FE"	55.7	"MJ/kg"				
698	4050355	"ECe"		"kgCO_2e/kg"		1		
699	4050355	"ECe"		"kgCO_2e/kg"		2		
700	4050355	"ECe"		"kgCO_2e/kg"		3		
701	4050355	"ECe"		"kgCO_2e/kg"		4		
702	4050355	"ECe"		"kgCO_2e/kg"		5		
703	4050355	"EE"	4.51	"MJ/kg"				
704	4050355	"EE"	4.45	"MJ/kg"				
705	4050355	"EE"	3.68	"MJ/kg"				
706	4050355	"EE"	4.77	"MJ/kg"				
707	4050355	"EE"	4.21	"MJ/kg"				
708	4162208	"EE"	6.5	"MJ/kg"				
709	4162208	"ECe"	0.48	"kgCO_2e/kg"				
710	4162208	"EC"	0.45	"kgCO_2/kg"				
711	4379303	"EE"	20	"MJ/kg"			1	
712	4470251	"EE"	109.2	"MJ/kg"				
713	4470251	"EC"	3.45	"kgCO_2/kg"				
714	4470251	"ECe"	4.39	"kgCO_2e/kg"				
715	4470251	"FE"	49.7	"MJ/kg"				
716	4793869	"EE"	84.4	"MJ/kg"				
717	4793869	"EC"	2.02	"kgCO_2/kg"				
718	4793869	"ECe"	2.52	"kgCO_2e/kg"				
719	4793869	"FE"	55.1	"MJ/kg"				
720	5047397	"EE"	88.6	"MJ/kg"				
721	5047397	"EC"	2.55	"kgCO_2/kg"				
722	5047397	"ECe"	3.29	"kgCO_2e/kg"				
723	5047397	"FE"	46.2	"MJ/kg"				
724	5075913	"EE"	68.6	"MJ/kg"				
725	5075913	"EC"	2.61	"kgCO_2/kg"				
726	5075913	"ECe"	3.19	"kgCO_2e/kg"				
727	5075913	"FE"	24.4	"MJ/kg"				
728	5208399	"EC"	0.74	"kgCO_2/kg"			292	
729	5208399	"ECe"	0.78	"kgCO_2e/kg"			292	
730	5328146	"EE"	69.4	"MJ/kg"				
731	5328146	"EC"	2.57	"kgCO_2/kg"				
732	5328146	"ECe"	3.16	"kgCO_2e/kg"				
733	5328146	"FE"	25.3	"MJ/kg"				
734	5899014	"EE"	115.1	"MJ/kg"				
735	5899014	"EC"	3.93	"kgCO_2/kg"				
736	5899014	"ECe"	4.49	"kgCO_2e/kg"				
737	5899014	"FE"	54	"MJ/kg"				
738	5899014	"EE"	95.1	"MJ/kg"				
739	5899014	"EC"	2.69	"kgCO_2/kg"				
740	5899014	"ECe"	3.3	"kgCO_2e/kg"				
741	5899014	"FE"	35.1	"MJ/kg"				
742	6937020	"EE"	6.2	"MJ/kg"				
743	6937020	"EC"	0.44	"kgCO_2/kg"				
744	6937020	"ECe"	0.46	"kgCO_2e/kg"				
745	7285275	"EE"	143	"MJ/kg"			38	
746	7285275	"EC"	6.78	"kgCO_2/kg"			38	
747	7285275	"ECe"		"kgCO_2e/kg"			38	
748	7347536	"EC"	132	"kgCO_2/m^2"				
749	7347536	"EC"	440	"kgCO_2/m^2"				
750	7347536	"EC"	99	"kgCO_2/m^2"				
751	7347536	"EC"	189	"kgCO_2/m^2"				
752	7347536	"EE"	2590	"MJ/m^2"				
753	7347536	"EE"	8640	"MJ/m^2"				
754	7347536	"EE"	1945	"MJ/m^2"				
755	7347536	"EE"	5660	"MJ/m^2"				
756	7347536	"EC"	242	"kgCO_2/m^2"				
757	7347536	"EE"	4750	"MJ/m^2"				
758	7777401	"EE"	24.8	"MJ/kg"				
759	7777401	"EC"	1.29	"kgCO_2/kg"				
760	7777401	"ECe"		"kgCO_2e/kg"				
761	8357084	"EE"	7	"MJ/kg"				
762	8357084	"EC"	0.48	"kgCO_2/kg"				
763	8357084	"ECe"	0.5	"kgCO_2e/kg"				
764	8428816	"EE"	159	"MJ/kg"	"World"			
765	8428816	"EE"	226	"MJ/kg"	"World"			
766	8428816	"EE"	25	"MJ/kg"	"World"			
767	8428816	"EC"	8.28	"kgCO_2/kg"	"World"			
768	8428816	"EC"	11.7	"kgCO_2/kg"	"World"			
769	8428816	"EC"	1.35	"kgCO_2/kg"	"World"			
770	8428816	"ECe"	9.22	"kgCO2e/kg"	"World"			
771	8428816	"ECe"	13.1	"kgCO2e/kg"	"World"			
772	8428816	"ECe"	1.45	"kgCO2e/kg"	"World"			
773	8593733	"EC"	1.04	"kgCO_2/kg"				
774	8593733	"EC"	2.95	"kgCO_2/kg"				
775	8593733	"ECe"		"kgCO_2e/kg"				
776	8593733	"ECe"		"kgCO_2e/kg"				
777	8593733	"EE"	19.2	"MJ/kg"				
778	8593733	"EE"	54.7	"MJ/kg"				
779	8677119	"EE"	86.4	"MJ/kg"				
780	8677119	"EC"	2.71	"kgCO_2/kg"				
781	8677119	"ECe"	3.43	"kgCO_2e/kg"				
782	8677119	"FE"	46.3	"MJ/kg"				
783	8841044	"EE"	89.3	"MJ/kg"				
784	8841044	"EC"	2.13	"kgCO_2/kg"				
785	8841044	"ECe"	2.6	"kgCO_2e/kg"				
786	8841044	"FE"	38.6	"MJ/kg"				
787	9238751	"EE"	29	"MJ/kg"				
788	9238751	"EC"	1.51	"kgCO_2/kg"				
789	9238751	"ECe"	1.61	"kgCO_2e/kg"				
790	9269180	"EC"	208	"kgCO_2/m^2"				
791	9269180	"EE"	4070	"MJ/m^2"				
792	10402902	"EE"	1.4	"MJ/kg"			1	
793	10402902	"EC"	0.12	"kgCO_2/kg"			1	
794	10402902	"ECe"		"kgCO_2e/kg"			1	
795	13609210	"EE"	154	"MJ/kg"	"World"			
796	13609210	"EE"	214	"MJ/kg"	"World"			
797	13609210	"EE"	34	"MJ/kg"	"World"			
798	13609210	"EC"	8.16	"kgCO_2/kg"	"World"			
799	13609210	"EC"	11.2	"kgCO_2/kg"	"World"			
800	13609210	"EC"	1.98	"kgCO_2/kg"	"World"			
801	13609210	"ECe"	9.08	"kgCO2e/kg"	"World"			
802	13609210	"ECe"	12.5	"kgCO2e/kg"	"World"			
803	13609210	"ECe"	2.12	"kgCO2e/kg"	"World"			
804	13657588	"EE"	10.8	"MJ/kg"			55	
805	13657588	"EC"		"kgCO_2/kg"			55	
806	13657588	"ECe"		"kgCO_2e/kg"			55	
807	14246682	"EE"	17.4	"MJ/kg"	"European Union"			
808	14246682	"EE"	29.2	"MJ/kg"	"European Union"			
809	14246682	"EE"	8.8	"MJ/kg"	"European Union"			
810	14246682	"EE"	22.3	"MJ/kg"	"Non-EU"			
811	14246682	"EE"	21.6	"MJ/kg"	"World"			
812	14246682	"EC"	1.31	"kgCO_2/kg"	"European Union"			
813	14246682	"EC"	2.59	"kgCO_2/kg"	"European Union"			
814	14246682	"EC"	0.42	"kgCO_2/kg"	"European Union"			
815	14246682	"EC"	1.82	"kgCO_2/kg"	"Non-EU"			
816	14246682	"EC"	1.74	"kgCO_2/kg"	"World"			
817	14246682	"ECe"	1.4	"kgCO2e/kg"	"European Union"			
818	14246682	"ECe"	2.77	"kgCO2e/kg"	"European Union"			
819	14246682	"ECe"	0.45	"kgCO2e/kg"	"European Union"			
820	14246682	"ECe"	1.95	"kgCO2e/kg"	"Non-EU"			
821	14246682	"ECe"	1.86	"kgCO2e/kg"	"World"			
822	14549468	"EE"	37	"MJ/kg"			1	
823	14549468	"EC"	2.7	"kgCO_2/kg"			1	
824	14549468	"ECe"		"kgCO_2e/kg"			1	
825	14674534	"EE"	20	"MJ/kg"			205	
826	14674534	"EC"	0.98	"kgCO_2/kg"			205	
827	14674534	"ECe"		"kgCO_2e/kg"			205	
828	15149231	"EE"	2	"MJ/kg"			55	
829	15149231	"EC"	0.13	"kgCO_2/kg"			55	
830	15149231	"ECe"		"kgCO_2e/kg"			55	
831	15376772	"EE"	7.9	"MJ/kg"				
832	15376772	"EC"	0.52	"kgCO_2/kg"				
833	15376772	"ECe"	0.55	"kgCO_2e/kg"				
834	15657231	"EC"	1.07	"kgCO_2/kg"			1	
835	15657231	"ECe"	1.14	"kgCO_2e/kg"			1	
836	15787706	"EE"	11.3	"MJ/kg"			70	
837	15787706	"EC"	0.3	"kgCO_2/kg"			70	
838	15787706	"ECe"		"kgCO_2e/kg"			70	
839	15923026	"EE"	7	"MJ/kg"				
840	15923026	"EC"	0.48	"kgCO_2/kg"				
841	15923026	"ECe"	0.5	"kgCO_2e/kg"				
842	16029384	"EE"	12	"MJ/kg"			292	
843	16068335	"EE"	87.4	"MJ/kg"				
844	16068335	"EC"	2.76	"kgCO_2/kg"				
845	16068335	"ECe"	3.42	"kgCO_2e/kg"				
846	16068335	"FE"	46.4	"MJ/kg"				
847	16709188	"EC"	0.192	"kgCO_2/kg"			40	
848	16709188	"ECe"	0.21	"kgCO_2e/kg"			40	
849	16709188	"EE"	3.33	"MJ/kg"			40	
850	16825048	"EE"	20.9	"MJ/kg"			201	
851	16825048	"EC"		"kgCO_2/kg"			202	
852	16825048	"ECe"		"kgCO_2e/kg"			281	
853	17156036	"EC"	67	"kgCO_2/m^2"				
854	17156036	"EC"	40	"kgCO_2/m^2"				
855	17156036	"EC"	92	"kgCO_2/m^2"				
856	17156036	"EE"	1305	"MJ/m^2"				
857	17156036	"EE"	775	"MJ/m^2"				
858	17156036	"EE"	1805	"MJ/m^2"				
859	17255893	"EE"	102.1	"MJ/kg"				
860	17255893	"EC"	4.06	"kgCO_2/kg"				
861	17255893	"ECe"	4.84	"kgCO_2e/kg"				
862	17255893	"FE"	33.47	"MJ/kg"				
