"resource"	"collection"	"process"	"actor"	"relationship"	"startdate"	"enddate"	"value"	"unit"	"valuetype"	"infotype"	"record"	"location"	"description"
"304c0842-7f8e-11e3-bc66-f07bcb4eb64e"	24			"resource by collection"			100	"kg/MW"	"D"		301	"World"	
"304c0842-7f8e-11e3-bc66-f07bcb4eb64e"	24			"resource by collection"	2020		0.08	"kt"	"D"		301	"World"	"Strategic Energy Technology scenario"
"304c0842-7f8e-11e3-bc66-f07bcb4eb64e"	24			"resource by collection"	2030		0.73	"kt"	"D"		301	"World"	"Strategic Energy Technology scenario"
"304c0842-7f8e-11e3-bc66-f07bcb4eb64e"	24			"resource by collection"	2020		0.14	"%"	"D/S"		301	"World"	"Strategic Energy Technology scenario"
"304c0842-7f8e-11e3-bc66-f07bcb4eb64e"	24			"resource by collection"	2030		1.3	"%"	"D/S"		301	"World"	"Strategic Energy Technology scenario"
"304c0842-7f8e-11e3-bc66-f07bcb4eb64e"							56	"kt"	"S"		301	"World"	
"304c9384-7f8e-11e3-bc66-f07bcb4eb64e"	23			"resource by collection"			663.4	"kg/MW"	"D"		301	"World"	
"304c9384-7f8e-11e3-bc66-f07bcb4eb64e"	23			"resource by collection"	2020		9.46	"kt"	"D"		301	"World"	"Strategic Energy Technology scenario"
"304c9384-7f8e-11e3-bc66-f07bcb4eb64e"	23			"resource by collection"	2030		11.28	"kt"	"D"		301	"World"	"Strategic Energy Technology scenario"
"304c9384-7f8e-11e3-bc66-f07bcb4eb64e"	24			"resource by collection"			1145	"kg/MW"	"D"		301	"World"	
"304c9384-7f8e-11e3-bc66-f07bcb4eb64e"	24			"resource by collection"	2020		0.926	"kt"	"D"		301	"World"	"Strategic Energy Technology scenario"
"304c9384-7f8e-11e3-bc66-f07bcb4eb64e"	24			"resource by collection"	2030		8.336	"kt"	"D"		301	"World"	"Strategic Energy Technology scenario"
"304c9384-7f8e-11e3-bc66-f07bcb4eb64e"	23			"resource by collection"	2020		0.61	"%"	"D/S"		301	"World"	"Strategic Energy Technology scenario"
"304c9384-7f8e-11e3-bc66-f07bcb4eb64e"	23			"resource by collection"	2030		0.73	"%"	"D/S"		301	"World"	"Strategic Energy Technology scenario"
"304c9384-7f8e-11e3-bc66-f07bcb4eb64e"	24			"resource by collection"	2020		0.06	"%"	"D/S"		301	"World"	"Strategic Energy Technology scenario"
"304c9384-7f8e-11e3-bc66-f07bcb4eb64e"	24			"resource by collection"	2030		0.54	"%"	"D/S"		301	"World"	"Strategic Energy Technology scenario"
"304c9384-7f8e-11e3-bc66-f07bcb4eb64e"							1550	"kt"	"S"		301	"World"	
"304cac20-7f8e-11e3-bc66-f07bcb4eb64e"	22			"resource by collection"			2194.1	"kg/MW"	"D"		301	"World"	
"304cac20-7f8e-11e3-bc66-f07bcb4eb64e"	22			"resource by collection"	2020		19.09	"kt"	"D"		301	"World"	"Strategic Energy Technology scenario"
"304cac20-7f8e-11e3-bc66-f07bcb4eb64e"	22			"resource by collection"	2030		118.48	"kt"	"D"		301	"World"	"Strategic Energy Technology scenario"
"304cac20-7f8e-11e3-bc66-f07bcb4eb64e"	23			"resource by collection"			2194.1	"kg/MW"	"D"		301	"World"	
"304cac20-7f8e-11e3-bc66-f07bcb4eb64e"	23			"resource by collection"	2020		19.09	"kt"	"D"		301	"World"	"Strategic Energy Technology scenario"
"304cac20-7f8e-11e3-bc66-f07bcb4eb64e"	23			"resource by collection"	2030		118.48	"kt"	"D"		301	"World"	"Strategic Energy Technology scenario"
"304cac20-7f8e-11e3-bc66-f07bcb4eb64e"	22			"resource by collection"	2020		0.12	"%"	"D/S"		301	"World"	"Strategic Energy Technology scenario"
"304cac20-7f8e-11e3-bc66-f07bcb4eb64e"	22			"resource by collection"	2030		0.73	"%"	"D/S"		301	"World"	"Strategic Energy Technology scenario"
"304cac20-7f8e-11e3-bc66-f07bcb4eb64e"	23			"resource by collection"	2020		0.12	"%"	"D/S"		301	"World"	"Strategic Energy Technology scenario"
"304cac20-7f8e-11e3-bc66-f07bcb4eb64e"	23			"resource by collection"	2030		0.73	"%"	"D/S"		301	"World"	"Strategic Energy Technology scenario"
"304cac20-7f8e-11e3-bc66-f07bcb4eb64e"							16200	"kt"	"S"		301	"World"	
"304ce37a-7f8e-11e3-bc66-f07bcb4eb64e"	22			"resource by collection"			0.12	"kg/MW"	"D"		301	"World"	
"304ce37a-7f8e-11e3-bc66-f07bcb4eb64e"	22			"resource by collection"	2020		0.001	"kt"	"D"		301	"World"	"Strategic Energy Technology scenario"
"304ce37a-7f8e-11e3-bc66-f07bcb4eb64e"	22			"resource by collection"	2030		0.006	"kt"	"D"		301	"World"	"Strategic Energy Technology scenario"
"304ce37a-7f8e-11e3-bc66-f07bcb4eb64e"	22			"resource by collection"	2020		0.63	"%"	"D/S"		301	"World"	"Strategic Energy Technology scenario"
"304ce37a-7f8e-11e3-bc66-f07bcb4eb64e"	22			"resource by collection"	2030		3.91	"%"	"D/S"		301	"World"	"Strategic Energy Technology scenario"
"304ce37a-7f8e-11e3-bc66-f07bcb4eb64e"							0.16	"kt"	"S"		301	"World"	
"304d2b5a-7f8e-11e3-bc66-f07bcb4eb64e"	22			"resource by collection"			0.5	"kg/MW"	"D"		301	"World"	
"304d2b5a-7f8e-11e3-bc66-f07bcb4eb64e"	22			"resource by collection"	2020		0.004	"kt"	"D"		301	"World"	"Strategic Energy Technology scenario"
"304d2b5a-7f8e-11e3-bc66-f07bcb4eb64e"	22			"resource by collection"	2030		0.026	"kt"	"D"		301	"World"	"Strategic Energy Technology scenario"
"304d2b5a-7f8e-11e3-bc66-f07bcb4eb64e"	22			"resource by collection"	2020		0.13	"%"	"D/S"		301	"World"	"Strategic Energy Technology scenario"
"304d2b5a-7f8e-11e3-bc66-f07bcb4eb64e"	22			"resource by collection"	2030		0.79	"%"	"D/S"		301	"World"	"Strategic Energy Technology scenario"
"304d2b5a-7f8e-11e3-bc66-f07bcb4eb64e"							3.25	"kt"	"S"		301	"World"	
"304dbdf4-7f8e-11e3-bc66-f07bcb4eb64e"	24			"resource by collection"			100	"kg/MW"	"D"		301	"World"	
"304dbdf4-7f8e-11e3-bc66-f07bcb4eb64e"	24			"resource by collection"	2020		0.08	"kt"	"D"		301	"World"	"Strategic Energy Technology scenario"
"304dbdf4-7f8e-11e3-bc66-f07bcb4eb64e"	24			"resource by collection"	2030		0.73	"kt"	"D"		301	"World"	"Strategic Energy Technology scenario"
"304dbdf4-7f8e-11e3-bc66-f07bcb4eb64e"	24			"resource by collection"	2020		0.13	"%"	"D/S"		301	"World"	"Strategic Energy Technology scenario"
"304dbdf4-7f8e-11e3-bc66-f07bcb4eb64e"	24			"resource by collection"	2030		1.16	"%"	"D/S"		301	"World"	"Strategic Energy Technology scenario"
"304dbdf4-7f8e-11e3-bc66-f07bcb4eb64e"							63	"kt"	"S"		301	"World"	
"304dd1f4-7f8e-11e3-bc66-f07bcb4eb64e"	21			"resource by collection"			70.8	"kg/MW"	"D"		301	"World"	
"304dd1f4-7f8e-11e3-bc66-f07bcb4eb64e"	21			"resource by collection"	2020		0.6281	"kt"	"D"		301	"World"	"Strategic Energy Technology scenario"
"304dd1f4-7f8e-11e3-bc66-f07bcb4eb64e"	21			"resource by collection"	2030		0.845	"kt"	"D"		301	"World"	"Strategic Energy Technology scenario"
"304dd1f4-7f8e-11e3-bc66-f07bcb4eb64e"	23			"resource by collection"			136.6	"kg/MW"	"D"		301	"World"	
"304dd1f4-7f8e-11e3-bc66-f07bcb4eb64e"	23			"resource by collection"	2020		1.95	"kt"	"D"		301	"World"	"Strategic Energy Technology scenario"
"304dd1f4-7f8e-11e3-bc66-f07bcb4eb64e"	23			"resource by collection"	2030		2.32	"kt"	"D"		301	"World"	"Strategic Energy Technology scenario"
"304dd1f4-7f8e-11e3-bc66-f07bcb4eb64e"	21			"resource by collection"	2020		0.27	"%"	"D/S"		301	"World"	"Strategic Energy Technology scenario"
"304dd1f4-7f8e-11e3-bc66-f07bcb4eb64e"	21			"resource by collection"	2030		0.36	"%"	"D/S"		301	"World"	"Strategic Energy Technology scenario"
"304dd1f4-7f8e-11e3-bc66-f07bcb4eb64e"	23			"resource by collection"	2020		0.83	"%"	"D/S"		301	"World"	"Strategic Energy Technology scenario"
"304dd1f4-7f8e-11e3-bc66-f07bcb4eb64e"	23			"resource by collection"	2030		0.99	"%"	"D/S"		301	"World"	"Strategic Energy Technology scenario"
"304dd1f4-7f8e-11e3-bc66-f07bcb4eb64e"							234	"kt"	"S"		301	"World"	
"304e33ec-7f8e-11e3-bc66-f07bcb4eb64e"	21			"resource by collection"			8.3	"kg/MW"	"D"		301	"World"	"Strategic Energy Technology scenario"
"304e33ec-7f8e-11e3-bc66-f07bcb4eb64e"	21			"resource by collection"	2020		70.8	"kt"	"D"		301	"World"	"Strategic Energy Technology scenario"
"304e33ec-7f8e-11e3-bc66-f07bcb4eb64e"	21			"resource by collection"	2030		0.0736	"kt"	"D"		301	"World"	"Strategic Energy Technology scenario"
"304e33ec-7f8e-11e3-bc66-f07bcb4eb64e"	22			"resource by collection"			19.2	"kg/MW"	"D"		301	"World"	
"304e33ec-7f8e-11e3-bc66-f07bcb4eb64e"	22			"resource by collection"	2020		0.17	"kt"	"D"		301	"World"	"Strategic Energy Technology scenario"
"304e33ec-7f8e-11e3-bc66-f07bcb4eb64e"	22			"resource by collection"	2030		1.04	"kt"	"D"		301	"World"	"Strategic Energy Technology scenario"
"304e33ec-7f8e-11e3-bc66-f07bcb4eb64e"	21			"resource by collection"	2020		0.099	"%"	"D/S"		301	"World"	"Strategic Energy Technology scenario"
"304e33ec-7f8e-11e3-bc66-f07bcb4eb64e"	21			"resource by collection"	2030		0.33	"%"	"D/S"		301	"World"	"Strategic Energy Technology scenario"
"304e33ec-7f8e-11e3-bc66-f07bcb4eb64e"	22			"resource by collection"	2020		0.75	"%"	"D/S"		301	"World"	"Strategic Energy Technology scenario"
"304e33ec-7f8e-11e3-bc66-f07bcb4eb64e"	22			"resource by collection"	2030		4.68	"%"	"D/S"		301	"World"	"Strategic Energy Technology scenario"
"304e33ec-7f8e-11e3-bc66-f07bcb4eb64e"							22.2	"kt"	"S"		301	"World"	
"304e488c-7f8e-11e3-bc66-f07bcb4eb64e"	22			"resource by collection"			6.1	"kg/MW"	"D"		301	"World"	
"304e488c-7f8e-11e3-bc66-f07bcb4eb64e"	22			"resource by collection"	2020		0.05	"kt"	"D"		301	"World"	"Strategic Energy Technology scenario"
"304e488c-7f8e-11e3-bc66-f07bcb4eb64e"	22			"resource by collection"	2030		0.33	"kt"	"D"		301	"World"	"Strategic Energy Technology scenario"
"304e488c-7f8e-11e3-bc66-f07bcb4eb64e"	22			"resource by collection"	2020		0.24	"%"	"D/S"		301	"World"	"Strategic Energy Technology scenario"
"304e488c-7f8e-11e3-bc66-f07bcb4eb64e"	22			"resource by collection"	2030		1.51	"%"	"D/S"		301	"World"	"Strategic Energy Technology scenario"
"304e488c-7f8e-11e3-bc66-f07bcb4eb64e"							22	"kt"	"S"		301	"World"	
"304e5b74-7f8e-11e3-bc66-f07bcb4eb64e"	21			"resource by collection"			0.48	"kg/MW"	"D"		301	"World"	
"304e5b74-7f8e-11e3-bc66-f07bcb4eb64e"	21			"resource by collection"	2020		0.0138	"kt"	"D"		301	"World"	"Strategic Energy Technology scenario"
"304e5b74-7f8e-11e3-bc66-f07bcb4eb64e"	21			"resource by collection"	2030		0.019	"kt"	"D"		301	"World"	"Strategic Energy Technology scenario"
"304e5b74-7f8e-11e3-bc66-f07bcb4eb64e"	22			"resource by collection"			4.5	"kg/MW"	"D"		301	"World"	
"304e5b74-7f8e-11e3-bc66-f07bcb4eb64e"	22			"resource by collection"	2020		0.04	"kt"	"D"		301	"World"	"Strategic Energy Technology scenario"
"304e5b74-7f8e-11e3-bc66-f07bcb4eb64e"	22			"resource by collection"	2030		0.24	"kt"	"D"		301	"World"	"Strategic Energy Technology scenario"
"304e5b74-7f8e-11e3-bc66-f07bcb4eb64e"	21			"resource by collection"	2020		1.03	"%"	"D/S"		301	"World"	"Strategic Energy Technology scenario"
"304e5b74-7f8e-11e3-bc66-f07bcb4eb64e"	21			"resource by collection"	2030		1.38	"%"	"D/S"		301	"World"	"Strategic Energy Technology scenario"
"304e5b74-7f8e-11e3-bc66-f07bcb4eb64e"	22			"resource by collection"	2020		2.91	"%"	"D/S"		301	"World"	"Strategic Energy Technology scenario"
"304e5b74-7f8e-11e3-bc66-f07bcb4eb64e"	22			"resource by collection"	2030		18.04	"%"	"D/S"		301	"World"	"Strategic Energy Technology scenario"
"304e5b74-7f8e-11e3-bc66-f07bcb4eb64e"							1.35	"kt"	"S"		301	"World"	
"304e6fa6-7f8e-11e3-bc66-f07bcb4eb64e"	22			"resource by collection"			463.1	"kg/MW"	"D"		301	"World"	
"304e6fa6-7f8e-11e3-bc66-f07bcb4eb64e"	22			"resource by collection"	2020		4.03	"kt"	"D"		301	"World"	"Strategic Energy Technology scenario"
"304e6fa6-7f8e-11e3-bc66-f07bcb4eb64e"	22			"resource by collection"	2030		25.01	"kt"	"D"		301	"World"	"Strategic Energy Technology scenario"
"304e6fa6-7f8e-11e3-bc66-f07bcb4eb64e"	22			"resource by collection"	2020		1.54	"%"	"D/S"		301	"World"	"Strategic Energy Technology scenario"
"304e6fa6-7f8e-11e3-bc66-f07bcb4eb64e"	22			"resource by collection"	2030		9.58	"%"	"D/S"		301	"World"	"Strategic Energy Technology scenario"
"304e6fa6-7f8e-11e3-bc66-f07bcb4eb64e"							261	"kt"	"S"		301	"World"	
"304e99b8-7f8e-11e3-bc66-f07bcb4eb64e"	22			"resource by collection"			4.7	"kg/MW"	"D"		301	"World"	"Strategic Energy Technology scenario"
"304e99b8-7f8e-11e3-bc66-f07bcb4eb64e"	22			"resource by collection"	2020		0.04	"kt"	"D"		301	"World"	"Strategic Energy Technology scenario"
"304e99b8-7f8e-11e3-bc66-f07bcb4eb64e"	22			"resource by collection"	2030		0.25	"kt"	"D"		301	"World"	"Strategic Energy Technology scenario"
"304e99b8-7f8e-11e3-bc66-f07bcb4eb64e"	22			"resource by collection"	2020		8.12	"%"	"D/S"		301	"World"	"Strategic Energy Technology scenario"
"304e99b8-7f8e-11e3-bc66-f07bcb4eb64e"	22			"resource by collection"	2030		50.39	"%"	"D/S"		301	"World"	"Strategic Energy Technology scenario"
"304e99b8-7f8e-11e3-bc66-f07bcb4eb64e"							0.5	"kt"	"S"		301	"World"	
"304f71ee-7f8e-11e3-bc66-f07bcb4eb64e"	23			"resource by collection"			40.6	"kg/MW"	"D"		301	"World"	
"304f71ee-7f8e-11e3-bc66-f07bcb4eb64e"	23			"resource by collection"	2020		0.43	"kt"	"D"		301	"World"	"Strategic Energy Technology scenario"
"304f71ee-7f8e-11e3-bc66-f07bcb4eb64e"	23			"resource by collection"	2030		0.69	"kt"	"D"		301	"World"	"Strategic Energy Technology scenario"
"304f71ee-7f8e-11e3-bc66-f07bcb4eb64e"	23			"resource by collection"	2020		2.35	"%"	"D/S"		301	"World"	"Strategic Energy Technology scenario"
"304f71ee-7f8e-11e3-bc66-f07bcb4eb64e"	23			"resource by collection"	2030		3.78	"%"	"D/S"		301	"World"	"Strategic Energy Technology scenario"
"304f71ee-7f8e-11e3-bc66-f07bcb4eb64e"							18	"kt"	"S"		301	"World"	
"30501e3c-7f8e-11e3-bc66-f07bcb4eb64e"	23			"resource by collection"			2.8	"kg/MW"	"D"		301	"World"	
"30501e3c-7f8e-11e3-bc66-f07bcb4eb64e"	23			"resource by collection"	2020		0.03	"kt"	"D"		301	"World"	"Strategic Energy Technology scenario"
"30501e3c-7f8e-11e3-bc66-f07bcb4eb64e"	23			"resource by collection"	2030		0.05	"kt"	"D"		301	"World"	"Strategic Energy Technology scenario"
"30501e3c-7f8e-11e3-bc66-f07bcb4eb64e"	23			"resource by collection"	2020		2.47	"%"	"D/S"		301	"World"	"Strategic Energy Technology scenario"
"30501e3c-7f8e-11e3-bc66-f07bcb4eb64e"	23			"resource by collection"	2030		3.97	"%"	"D/S"		301	"World"	"Strategic Energy Technology scenario"
"30501e3c-7f8e-11e3-bc66-f07bcb4eb64e"							1.2	"kt"	"S"		301	"World"	
"3050b68a-7f8e-11e3-bc66-f07bcb4eb64e"	21			"resource by collection"			0.48	"kg/MW"	"D"		301	"World"	
"3050b68a-7f8e-11e3-bc66-f07bcb4eb64e"	21			"resource by collection"	2020		0.00424	"kt"	"D"		301	"World"	"Strategic Energy Technology scenario"
"3050b68a-7f8e-11e3-bc66-f07bcb4eb64e"	21			"resource by collection"	2030		0.006	"kt"	"D"		301	"World"	"Strategic Energy Technology scenario"
"3050b68a-7f8e-11e3-bc66-f07bcb4eb64e"	21			"resource by collection"	2020		5.17	"%"	"D/S"		301	"World"	"Strategic Energy Technology scenario"
"3050b68a-7f8e-11e3-bc66-f07bcb4eb64e"	21			"resource by collection"	2030		6.96	"%"	"D/S"		301	"World"	"Strategic Energy Technology scenario"
"3050b68a-7f8e-11e3-bc66-f07bcb4eb64e"							0.08	"kt"	"S"		301	"World"	
"3049f2aa-7f8e-11e3-bc66-f07bcb4eb64e"					2007		8220	"TWh"	"EN"		302		"2007 Energy Mis"
	25				2007		8302	"TWh"	"EN"		302		"CCS retrofit scenario"
	25				2050		2694	"TWh"	"EN"		302		"IEA BLUE Map scenario"
"304a289c-7f8e-11e3-bc66-f07bcb4eb64e"					2007		4130	"TWh"	"EN"		302		"2007 Energy Mis"
"304a289c-7f8e-11e3-bc66-f07bcb4eb64e"					2050		863	"TWh"	"EN"		302		"IEA BLUE Map scenario"
	26				2007		4171	"TWh"	"EN"		302		"CCS retrofit scenario"
	26				2050		2689	"TWh"	"EN"		302		"IEA BLUE Map scenario"
"304a059c-7f8e-11e3-bc66-f07bcb4eb64e"					2007		1112	"TWh"	"EN"		302		"2007 Energy Mis"
"304a059c-7f8e-11e3-bc66-f07bcb4eb64e"					2050		66	"TWh"	"EN"		302		"IEA BLUE Map scenario"
	27				2007		1123	"TWh"	"EN"		302		"CCS retrofit scenario"
	27				2050		0	"TWh"	"EN"		302		"IEA BLUE Map scenario"
"3047ee06-7f8e-11e3-bc66-f07bcb4eb64e"					2007		2720	"TWh"	"EN"		302		"2007 Energy Mis"
"3047ee06-7f8e-11e3-bc66-f07bcb4eb64e"					2050		2747	"TWh"	"EN"		302		"CCS retrofit scenario"
"3047ee06-7f8e-11e3-bc66-f07bcb4eb64e"					2050		3971	"TWh"	"EN"		302		"Low-carbon"
"3047ee06-7f8e-11e3-bc66-f07bcb4eb64e"					2050		4856	"TWh"	"EN"		302		"IEA BLUE Map scenario"
"3047ee06-7f8e-11e3-bc66-f07bcb4eb64e"					2007		3097	"TWh"	"EN"		302		"2007 Energy Mis"
"3047ee06-7f8e-11e3-bc66-f07bcb4eb64e"					2050		3128	"TWh"	"EN"		302		"CCS retrofit scenario"
"3047ee06-7f8e-11e3-bc66-f07bcb4eb64e"					2050		1986	"TWh"	"EN"		302		"Low-carbon"
"3047ee06-7f8e-11e3-bc66-f07bcb4eb64e"					2050		2591	"TWh"	"EN"		302		"IEA BLUE Map scenario"
"303ff840-7f8e-11e3-bc66-f07bcb4eb64e"					2007		173	"TWh"	"EN"		302		"2007 Energy Mis"
"303ff840-7f8e-11e3-bc66-f07bcb4eb64e"					2050		174	"TWh"	"EN"		302		"CCS retrofit scenario"
"303ff840-7f8e-11e3-bc66-f07bcb4eb64e"					2050		3971	"TWh"	"EN"		302		"Low-carbon"
"303ff840-7f8e-11e3-bc66-f07bcb4eb64e"					2050		2549	"TWh"	"EN"		302		"IEA BLUE Map scenario"
"3044d572-7f8e-11e3-bc66-f07bcb4eb64e"					2007		4	"TWh"	"EN"		302		"2007 Energy Mis"
"3044d572-7f8e-11e3-bc66-f07bcb4eb64e"					2050		4	"TWh"	"EN"		302		"CCS retrofit scenario"
"3044d572-7f8e-11e3-bc66-f07bcb4eb64e"					2050		3971	"TWh"	"EN"		302		"Low-carbon"
"3044d572-7f8e-11e3-bc66-f07bcb4eb64e"					2050		2342	"TWh"	"EN"		302		"IEA BLUE Map scenario"
"30501e3c-7f8e-11e3-bc66-f07bcb4eb64e"					2011		5000	"t/y"	"dE"		303	"Mt. Weld, Australia"	
"30501e3c-7f8e-11e3-bc66-f07bcb4eb64e"					2013		20000	"t/y"	"dE"		303	"Mt. Weld, Australia"	
"30501e3c-7f8e-11e3-bc66-f07bcb4eb64e"					2011		1413644	"t"	"S"		303	"Mt. Weld, Australia"	
"30501e3c-7f8e-11e3-bc66-f07bcb4eb64e"					2011		1292000	"t"	"S"		303	"Mt. Weld, Australia"	
"302ec2b4-7f8e-11e3-bc66-f07bcb4eb64e"					2011		0.2	"%"	"%Y"		303	"Mt. Weld, Australia"	
"302ec2b4-7f8e-11e3-bc66-f07bcb4eb64e"					2011		0.31	"%"	"%Y"		303	"Mt. Weld, Australia"	
"302ec2b4-7f8e-11e3-bc66-f07bcb4eb64e"					2011		12.5	"t/y"	"dE"		303	"Mt. Weld, Australia"	
"302ec2b4-7f8e-11e3-bc66-f07bcb4eb64e"					2011		50	"t/y"	"dE"		303	"Mt. Weld, Australia"	
"30501e3c-7f8e-11e3-bc66-f07bcb4eb64e"					2012		1000	"t/y"	"dE"		303	"Dubbo, Australia"	
"30501e3c-7f8e-11e3-bc66-f07bcb4eb64e"					2015		1400	"t/y"	"dE"		303	"Dubbo, Australia"	
"30501e3c-7f8e-11e3-bc66-f07bcb4eb64e"					2012		651480	"t"	"S"		303	"Dubbo, Australia"	
"302ec2b4-7f8e-11e3-bc66-f07bcb4eb64e"					2012		2	"%"	"%Y"		303	"Dubbo, Australia"	
"302ec2b4-7f8e-11e3-bc66-f07bcb4eb64e"					2012		2.4	"%"	"%Y"		303	"Dubbo, Australia"	
"302ec2b4-7f8e-11e3-bc66-f07bcb4eb64e"					2012		22	"t/y"	"dE"		303	"Dubbo, Australia"	
"302ec2b4-7f8e-11e3-bc66-f07bcb4eb64e"					2012		31	"t/y"	"dE"		303	"Dubbo, Australia"	
"30501e3c-7f8e-11e3-bc66-f07bcb4eb64e"					2012		12000	"t/y"	"dE"		303	"Mt. Pass, USA"	
"30501e3c-7f8e-11e3-bc66-f07bcb4eb64e"					2015		20000	"t/y"	"dE"		303	"Mt. Pass, USA"	
"30501e3c-7f8e-11e3-bc66-f07bcb4eb64e"					2012		1800000	"t"	"S"		303	"Mt. Pass, USA"	
"30501e3c-7f8e-11e3-bc66-f07bcb4eb64e"					2012		1120000	"t"	"S"		303	"Mt. Pass, USA"	
"30501e3c-7f8e-11e3-bc66-f07bcb4eb64e"					2012		2072037	"t"	"S"		303	"Mt. Pass, USA"	
"302ec2b4-7f8e-11e3-bc66-f07bcb4eb64e"					2012		0.05	"%"	"%Y"		303	"Mt. Pass, USA"	
"302ec2b4-7f8e-11e3-bc66-f07bcb4eb64e"					2012		0.1	"%"	"%Y"		303	"Mt. Pass, USA"	
"302ec2b4-7f8e-11e3-bc66-f07bcb4eb64e"					2012		0.05	"%"	"%Y"		303	"Mt. Pass, USA"	
"302ec2b4-7f8e-11e3-bc66-f07bcb4eb64e"					2012		6	"t/y"	"dE"		303	"Mt. Pass, USA"	
"302ec2b4-7f8e-11e3-bc66-f07bcb4eb64e"					2012		10	"t/y"	"dE"		303	"Mt. Pass, USA"	
"30501e3c-7f8e-11e3-bc66-f07bcb4eb64e"					2013		5000	"t/y"	"dE"		303	"Steenkampskraal, South Africa"	
"30501e3c-7f8e-11e3-bc66-f07bcb4eb64e"					2013		29400	"t"	"S"		303	"Steenkampskraal, South Africa"	
"30501e3c-7f8e-11e3-bc66-f07bcb4eb64e"					2013		29500	"t"	"S"		303	"Steenkampskraal, South Africa"	
"302ec2b4-7f8e-11e3-bc66-f07bcb4eb64e"					2013		0.67	"%"	"%Y"		303	"Steenkampskraal, South Africa"	
"302ec2b4-7f8e-11e3-bc66-f07bcb4eb64e"					2013		30	"t/y"	"dE"		303	"Steenkampskraal, South Africa"	
"302ec2b4-7f8e-11e3-bc66-f07bcb4eb64e"					2013		50	"t/y"	"dE"		303	"Steenkampskraal, South Africa"	
"30501e3c-7f8e-11e3-bc66-f07bcb4eb64e"					2013		10000	"t/y"	"dE"		303	"Nolans, Australia"	
"30501e3c-7f8e-11e3-bc66-f07bcb4eb64e"					2018		20000	"t/y"	"dE"		303	"Nolans, Australia"	
"30501e3c-7f8e-11e3-bc66-f07bcb4eb64e"					2013		850000	"t"	"S"		303	"Nolans, Australia"	
"30501e3c-7f8e-11e3-bc66-f07bcb4eb64e"					2013		848000	"t"	"S"		303	"Nolans, Australia"	
"302ec2b4-7f8e-11e3-bc66-f07bcb4eb64e"					2013		0.34	"%"	"%Y"		303	"Nolans, Australia"	
"302ec2b4-7f8e-11e3-bc66-f07bcb4eb64e"					2013		0.3	"%"	"%Y"		303	"Nolans, Australia"	
"302ec2b4-7f8e-11e3-bc66-f07bcb4eb64e"					2013		35	"t/y"	"dE"		303	"Nolans, Australia"	
"302ec2b4-7f8e-11e3-bc66-f07bcb4eb64e"					2013		70	"t/y"	"dE"		303	"Nolans, Australia"	
"30501e3c-7f8e-11e3-bc66-f07bcb4eb64e"					2012		945863	"t"	"S"		303	"Zandkopsdrift, South Africa"	
"30501e3c-7f8e-11e3-bc66-f07bcb4eb64e"					2012		1130000	"t"	"S"		303	"Zandkopsdrift, South Africa"	
"302ec2b4-7f8e-11e3-bc66-f07bcb4eb64e"					2012		0.77	"%"	"%Y"		303	"Zandkopsdrift, South Africa"	
"302ec2b4-7f8e-11e3-bc66-f07bcb4eb64e"					2012		20	"t/y"	"dE"		303	"Zandkopsdrift, South Africa"	
"302ec2b4-7f8e-11e3-bc66-f07bcb4eb64e"					2012		25	"t/y"	"dE"		303	"Zandkopsdrift, South Africa"	
"30501e3c-7f8e-11e3-bc66-f07bcb4eb64e"					2014		5000	"t/y"	"dE"		303	"Deep Sands, USA"	
"30501e3c-7f8e-11e3-bc66-f07bcb4eb64e"					2015		5000	"t/y"	"dE"		303	"Deep Sands, USA"	
"302ec2b4-7f8e-11e3-bc66-f07bcb4eb64e"					2014		1.41	"%"	"%Y"		303	"Deep Sands, USA"	
"302ec2b4-7f8e-11e3-bc66-f07bcb4eb64e"					2014		60	"t/y"	"dE"		303	"Deep Sands, USA"	
"302ec2b4-7f8e-11e3-bc66-f07bcb4eb64e"					2014		80	"t/y"	"dE"		303	"Deep Sands, USA"	
"30501e3c-7f8e-11e3-bc66-f07bcb4eb64e"					2014		3000	"t/y"	"dE"		303	"Hoidas Lake, Canada"	
"30501e3c-7f8e-11e3-bc66-f07bcb4eb64e"					2014		5000	"t/y"	"dE"		303	"Hoidas Lake, Canada"	
"30501e3c-7f8e-11e3-bc66-f07bcb4eb64e"					2016		5000	"t/y"	"dE"		303	"Hoidas Lake, Canada"	
"30501e3c-7f8e-11e3-bc66-f07bcb4eb64e"					2014		68395	"t/y"	"S"		303	"Hoidas Lake, Canada"	
"30501e3c-7f8e-11e3-bc66-f07bcb4eb64e"					2014		57000	"t/y"	"S"		303	"Hoidas Lake, Canada"	
"30501e3c-7f8e-11e3-bc66-f07bcb4eb64e"					2014		40000	"t/y"	"S"		303	"Hoidas Lake, Canada"	
"302ec2b4-7f8e-11e3-bc66-f07bcb4eb64e"					2014		0.35	"%"	"%Y"		303	"Hoidas Lake, Canada"	
"302ec2b4-7f8e-11e3-bc66-f07bcb4eb64e"					2014		0.4	"%"	"%Y"		303	"Hoidas Lake, Canada"	
"302ec2b4-7f8e-11e3-bc66-f07bcb4eb64e"					2014		0.35	"%"	"%Y"		303	"Hoidas Lake, Canada"	
"302ec2b4-7f8e-11e3-bc66-f07bcb4eb64e"					2014		14	"t/y"	"dE"		303	"Hoidas Lake, Canada"	
"302ec2b4-7f8e-11e3-bc66-f07bcb4eb64e"					2014		18	"t/y"	"dE"		303	"Hoidas Lake, Canada"	
"30501e3c-7f8e-11e3-bc66-f07bcb4eb64e"					2015		5000	"t/y"	"dE"		303	"Thor Lake, Canada"	
"30501e3c-7f8e-11e3-bc66-f07bcb4eb64e"					2016		10000	"t/y"	"dE"		303	"Thor Lake, Canada"	
"30501e3c-7f8e-11e3-bc66-f07bcb4eb64e"					2015		1434900	"t"	"S"		303	"Thor Lake, Canada"	
"30501e3c-7f8e-11e3-bc66-f07bcb4eb64e"					2015		1300000	"t"	"S"		303	"Thor Lake, Canada"	
"30501e3c-7f8e-11e3-bc66-f07bcb4eb64e"					2015		1147000	"t"	"S"		303	"Thor Lake, Canada"	
"302ec2b4-7f8e-11e3-bc66-f07bcb4eb64e"					2015		3.19	"%"	"%Y"		303	"Thor Lake, Canada"	
"302ec2b4-7f8e-11e3-bc66-f07bcb4eb64e"					2015		3.12	"%"	"%Y"		303	"Thor Lake, Canada"	
"302ec2b4-7f8e-11e3-bc66-f07bcb4eb64e"					2015		140	"t/y"	"dE"		303	"Thor Lake, Canada"	
"302ec2b4-7f8e-11e3-bc66-f07bcb4eb64e"					2015		320	"t/y"	"dE"		303	"Thor Lake, Canada"	
"30501e3c-7f8e-11e3-bc66-f07bcb4eb64e"					2015		548348	"t"	"S"		303	"Bear Lodge, USA"	
"30501e3c-7f8e-11e3-bc66-f07bcb4eb64e"					2015		364000	"t"	"S"		303	"Bear Lodge, USA"	
"30501e3c-7f8e-11e3-bc66-f07bcb4eb64e"					2015		400000	"t"	"S"		303	"Bear Lodge, USA"	
"302ec2b4-7f8e-11e3-bc66-f07bcb4eb64e"					2015		0.5	"%"	"%Y"		303	"Bear Lodge, USA"	
"302ec2b4-7f8e-11e3-bc66-f07bcb4eb64e"					2015		17.5	"t/y"	"dE"		303	"Bear Lodge, USA"	
"302ec2b4-7f8e-11e3-bc66-f07bcb4eb64e"					2015		22.5	"t/y"	"dE"		303	"Bear Lodge, USA"	
"30501e3c-7f8e-11e3-bc66-f07bcb4eb64e"					2016		5000	"t/y"	"dE"		303	"Strange Lake, Canada"	
"30501e3c-7f8e-11e3-bc66-f07bcb4eb64e"					2016		1149378	"t"	"S"		303	"Strange Lake, Canada"	
"30501e3c-7f8e-11e3-bc66-f07bcb4eb64e"					2016		1335000	"t"	"S"		303	"Strange Lake, Canada"	
"302ec2b4-7f8e-11e3-bc66-f07bcb4eb64e"					2016		4.1	"%"	"%Y"		303	"Strange Lake, Canada"	
"302ec2b4-7f8e-11e3-bc66-f07bcb4eb64e"					2016		180	"t/y"	"dE"		303	"Strange Lake, Canada"	
"302ec2b4-7f8e-11e3-bc66-f07bcb4eb64e"					2016		220	"t/y"	"dE"		303	"Strange Lake, Canada"	
"30501e3c-7f8e-11e3-bc66-f07bcb4eb64e"					2016		5000	"t/y"	"dE"		303	"Kvanefjeld, Greenland"	
"30501e3c-7f8e-11e3-bc66-f07bcb4eb64e"					2016		4899400	"t"	"S"		303	"Kvanefjeld, Greenland"	
"30501e3c-7f8e-11e3-bc66-f07bcb4eb64e"					2016		4890000	"t"	"S"		303	"Kvanefjeld, Greenland"	
"30501e3c-7f8e-11e3-bc66-f07bcb4eb64e"					2016		4910000	"t"	"S"		303	"Kvanefjeld, Greenland"	
"302ec2b4-7f8e-11e3-bc66-f07bcb4eb64e"					2016		1.1	"%"	"%Y"		303	"Kvanefjeld, Greenland"	
"302ec2b4-7f8e-11e3-bc66-f07bcb4eb64e"					2016		50	"t/y"	"dE"		303	"Kvanefjeld, Greenland"	
"302ec2b4-7f8e-11e3-bc66-f07bcb4eb64e"					2016		60	"t/y"	"dE"		303	"Kvanefjeld, Greenland"	
